ag-grpc, ghcr.io/ocicl/ag-grpc@sha256:28450badcffd333a2ed98714cff0dbcf6fb71aadc5cbe6a699b67d94726c9714, ag-gRPC-20260128-7970240/ag-grpc.asd
ag-grpc-all, ghcr.io/ocicl/ag-grpc@sha256:28450badcffd333a2ed98714cff0dbcf6fb71aadc5cbe6a699b67d94726c9714, ag-gRPC-20260128-7970240/ag-grpc-all.asd
ag-http2, ghcr.io/ocicl/ag-grpc@sha256:28450badcffd333a2ed98714cff0dbcf6fb71aadc5cbe6a699b67d94726c9714, ag-gRPC-20260128-7970240/ag-http2.asd
ag-proto, ghcr.io/ocicl/ag-grpc@sha256:28450badcffd333a2ed98714cff0dbcf6fb71aadc5cbe6a699b67d94726c9714, ag-gRPC-20260128-7970240/ag-proto.asd
ag-proto-cli, ghcr.io/ocicl/ag-grpc@sha256:28450badcffd333a2ed98714cff0dbcf6fb71aadc5cbe6a699b67d94726c9714, ag-gRPC-20260128-7970240/ag-proto-cli.asd
alexandria, ghcr.io/ocicl/alexandria@sha256:e433c2e076ed3bcf8641b97b00192680db2201d305efac9293539dee88c7fbf7, alexandria-20240503-8514d8e/alexandria.asd
asn1, ghcr.io/ocicl/asn1@sha256:b9913fbf4fcdacf7a01930d1b05ccfb64ad778263a29418dc0a00c6d7919cd87, asn1-20240503-b0388fa/asn1.asd
autoload, ghcr.io/ocicl/mgl-pax-bootstrap@sha256:2f4da326e75413741907b8818f67dd3a7f8b783e2a8983a6f52f1e3373306be8, mgl-pax-20260112-2c726a5/autoload/autoload.asd
babel, ghcr.io/ocicl/babel@sha256:9d9fcde71acc2b5c39572de4f11756a08c1d8801caa86c581b85dabaa35928b3, babel-20250905-4eaf3f2/babel.asd
babel-streams, ghcr.io/ocicl/babel@sha256:9d9fcde71acc2b5c39572de4f11756a08c1d8801caa86c581b85dabaa35928b3, babel-20250905-4eaf3f2/babel-streams.asd
babel-tests, ghcr.io/ocicl/babel@sha256:9d9fcde71acc2b5c39572de4f11756a08c1d8801caa86c581b85dabaa35928b3, babel-20250905-4eaf3f2/babel-tests.asd
bobbin, ghcr.io/ocicl/bobbin@sha256:7368d88e9f1d8a94b9bddf5e1887e384ef738235570142dd1cfe98c90077cc13, bobbin-20240503-b454e82/bobbin.asd
bordeaux-threads, ghcr.io/ocicl/bordeaux-threads@sha256:bbb32afe3987e102149cc019f4f7366a05f7a37d1503f5f86a27745e671c320a, bordeaux-threads-0.9.4/bordeaux-threads.asd
cffi, ghcr.io/ocicl/cffi@sha256:d415b2cde8431fb3e7d5fc358fccb4aaa0a028dd8819e14608b4d245d0bff9e4, cffi-20250822-dad3520/cffi.asd
cffi-examples, ghcr.io/ocicl/cffi@sha256:d415b2cde8431fb3e7d5fc358fccb4aaa0a028dd8819e14608b4d245d0bff9e4, cffi-20250822-dad3520/cffi-examples.asd
cffi-grovel, ghcr.io/ocicl/cffi@sha256:d415b2cde8431fb3e7d5fc358fccb4aaa0a028dd8819e14608b4d245d0bff9e4, cffi-20250822-dad3520/cffi-grovel.asd
cffi-libffi, ghcr.io/ocicl/cffi@sha256:d415b2cde8431fb3e7d5fc358fccb4aaa0a028dd8819e14608b4d245d0bff9e4, cffi-20250822-dad3520/cffi-libffi.asd
cffi-tests, ghcr.io/ocicl/cffi@sha256:d415b2cde8431fb3e7d5fc358fccb4aaa0a028dd8819e14608b4d245d0bff9e4, cffi-20250822-dad3520/cffi-tests.asd
cffi-toolchain, ghcr.io/ocicl/cffi@sha256:d415b2cde8431fb3e7d5fc358fccb4aaa0a028dd8819e14608b4d245d0bff9e4, cffi-20250822-dad3520/cffi-toolchain.asd
cffi-uffi-compat, ghcr.io/ocicl/cffi@sha256:d415b2cde8431fb3e7d5fc358fccb4aaa0a028dd8819e14608b4d245d0bff9e4, cffi-20250822-dad3520/cffi-uffi-compat.asd
chipz, ghcr.io/ocicl/chipz@sha256:fae0fae0c93199ba57c92d9102245a55c8a2c12af4442e0b141d5670bef4f2f0, chipz-20240503-6f80368/chipz.asd
chunga, ghcr.io/ocicl/chunga@sha256:a2558d54ac5d4ccdbf49d7b51fcb074762d77e263ec67245f6d2928477b6d19a, chunga-20250814-1310e96/chunga.asd
cl-base64, ghcr.io/ocicl/cl-base64@sha256:702412dbc1ed825e275fb23e22c29527eb786bf644e47c7621bf0dbb34e17c7e, cl-base64-20240503-80496b7/cl-base64.asd
cl-base64-tests, ghcr.io/ocicl/cl-base64@sha256:702412dbc1ed825e275fb23e22c29527eb786bf644e47c7621bf0dbb34e17c7e, cl-base64-20240503-80496b7/cl-base64-tests.asd
cl-change-case, ghcr.io/ocicl/cl-change-case@sha256:02f10d50a75ad090cb355adbbd2347bf455bd37dbef5746ed181775304d61f02, cl-change-case-1.0/cl-change-case.asd
cl-cookie, ghcr.io/ocicl/cl-cookie@sha256:85cd8aa7f1379d041fae9530609cd68d5214fb978bc87faa7fd9ad5ad7e08a83, cl-cookie-20240703-6bcb74a/cl-cookie.asd
cl-cookie-test, ghcr.io/ocicl/cl-cookie@sha256:85cd8aa7f1379d041fae9530609cd68d5214fb978bc87faa7fd9ad5ad7e08a83, cl-cookie-20240703-6bcb74a/cl-cookie-test.asd
cl-dotenv, ghcr.io/ocicl/cl-dotenv@sha256:0066c93266d78191d40cb418139113fc843e681c453297d1537cf1a38bcd05d2, cl-dotenv-20240503-a093f5b/cl-dotenv.asd
cl-dotenv-test, ghcr.io/ocicl/cl-dotenv@sha256:0066c93266d78191d40cb418139113fc843e681c453297d1537cf1a38bcd05d2, cl-dotenv-20240503-a093f5b/cl-dotenv-test.asd
cl-fad, ghcr.io/ocicl/cl-fad@sha256:c0aaffc859e419e0a94cedb08f48c2484da404363fb0fe4ffd6e09a80aadafe1, cl-fad-0.7.6/cl-fad.asd
cl-json, ghcr.io/ocicl/cl-json@sha256:54c4d00901c2c5b0ea9da11eed8f0104fc5819e1ed9a29d1f3364503a720a868, cl-json-20240907-994dd38/cl-json.asd
cl-postgres_plus_local-time, ghcr.io/ocicl/local-time@sha256:15dc0e56d0ff55bd2a3c597e67be1c26bd0677c230a15ad5098c5207a9df5554, local-time-20250808-c28f38e/cl-postgres+local-time.asd
cl-ppcre, ghcr.io/ocicl/cl-ppcre@sha256:bf073924cf4fd5957a4fd961a95d446ed0e53fa32a5002cbd2d52182874f45e5, cl-ppcre-20250606-a2ea581/cl-ppcre.asd
cl-ppcre-unicode, ghcr.io/ocicl/cl-ppcre@sha256:bf073924cf4fd5957a4fd961a95d446ed0e53fa32a5002cbd2d52182874f45e5, cl-ppcre-20250606-a2ea581/cl-ppcre-unicode.asd
cl-qrencode, ghcr.io/ocicl/cl-qrencode@sha256:e581a36606e20879962b842eee5f14eea39ecfa253298e9597ebff44e613f93e, cl-qrencode-20240503-0de2d8a/cl-qrencode.asd
cl-qrencode-test, ghcr.io/ocicl/cl-qrencode@sha256:e581a36606e20879962b842eee5f14eea39ecfa253298e9597ebff44e613f93e, cl-qrencode-20240503-0de2d8a/cl-qrencode-test.asd
cl-reexport, ghcr.io/ocicl/cl-reexport@sha256:c795feb3e3727a19e61797187eb31bac1e855b1332335d26752200a28e9b9da8, cl-reexport-20240503-03ad7a0/cl-reexport.asd
cl-reexport-test, ghcr.io/ocicl/cl-reexport@sha256:c795feb3e3727a19e61797187eb31bac1e855b1332335d26752200a28e9b9da8, cl-reexport-20240503-03ad7a0/cl-reexport-test.asd
cl-unicode, ghcr.io/ocicl/cl-unicode@sha256:d98f12c1271fb3c1812a27d64dfbe95b0bc5bcfd545b71b8101874e61270b120, cl-unicode-20240503-07e7ff5/cl-unicode.asd
cl-utilities, ghcr.io/ocicl/cl-utilities@sha256:e5e0676a4e0627332a0fe64d56ed4f1890f0466d715a11e8d95561b4c2baa38f, cl-utilities-20240503-6b4de39/cl-utilities.asd
cl-x509, ghcr.io/ocicl/cl-x509@sha256:9f1a40b71ff413d85901622b53cbb68eb99f6f0709107ac5ab9a512495c55149, cl-x509-20260123-09a0c1b/cl-x509.asd
cl_plus_ssl, ghcr.io/ocicl/cl_plus_ssl@sha256:d50fbbba38827e835eec2415744e0fb05a2a0bf4d44940cdc23922f15036efe5, cl-plus-ssl-20251220-499b2f5/cl+ssl.asd
cl_plus_ssl.test, ghcr.io/ocicl/cl_plus_ssl@sha256:d50fbbba38827e835eec2415744e0fb05a2a0bf4d44940cdc23922f15036efe5, cl-plus-ssl-20251220-499b2f5/cl+ssl.test.asd
clingon, ghcr.io/ocicl/clingon@sha256:5d3babf7af5b0e7bfba2bfa9d384f70810ae6e538f899f0aba7e0b1308eee2eb, clingon-20251121-ef0528f/clingon.asd
clingon.demo, ghcr.io/ocicl/clingon@sha256:5d3babf7af5b0e7bfba2bfa9d384f70810ae6e538f899f0aba7e0b1308eee2eb, clingon-20251121-ef0528f/clingon.demo.asd
clingon.intro, ghcr.io/ocicl/clingon@sha256:5d3babf7af5b0e7bfba2bfa9d384f70810ae6e538f899f0aba7e0b1308eee2eb, clingon-20251121-ef0528f/clingon.intro.asd
clingon.test, ghcr.io/ocicl/clingon@sha256:5d3babf7af5b0e7bfba2bfa9d384f70810ae6e538f899f0aba7e0b1308eee2eb, clingon-20251121-ef0528f/clingon.test.asd
closer-mop, ghcr.io/ocicl/closer-mop@sha256:0e7b398e671d48a0a1cfb5c1a017d0c2b009311c943ee3330d74fa0561c88fb2, closer-mop-20251228-4809f69/closer-mop.asd
com.inuoe.jzon, ghcr.io/ocicl/com.inuoe.jzon@sha256:b0cfbc3d8fb3c09526d92575b40b13a68ad93be7edeb48fd69dcea053c5611a5, jzon-20251113-f05afbb/com.inuoe.jzon.asd
com.inuoe.jzon-tests, ghcr.io/ocicl/com.inuoe.jzon@sha256:b0cfbc3d8fb3c09526d92575b40b13a68ad93be7edeb48fd69dcea053c5611a5, jzon-20251113-f05afbb/com.inuoe.jzon-tests.asd
completions, ghcr.io/ocicl/completions@sha256:40c5129a9c4b4cb55f10a5649784199bdd4c813b708bd896385b85002b7cd538, cl-completions-20251025-2dade49/completions.asd
dexador, ghcr.io/ocicl/dexador@sha256:defc8d669790e22ac9a9eccf52fe14b10cf986402c7b32c0049df45f64a039e1, dexador-20250825-4db4b93/dexador.asd
dexador-test, ghcr.io/ocicl/dexador@sha256:defc8d669790e22ac9a9eccf52fe14b10cf986402c7b32c0049df45f64a039e1, dexador-20250825-4db4b93/dexador-test.asd
dexador-usocket, ghcr.io/ocicl/dexador@sha256:defc8d669790e22ac9a9eccf52fe14b10cf986402c7b32c0049df45f64a039e1, dexador-20250825-4db4b93/dexador-usocket.asd
documentation-utils, ghcr.io/ocicl/documentation-utils@sha256:b2a1b3f3bcd1a738af85ae2b0168d408c177661eab6d6bbebb254e394d983f54, documentation-utils-20230511-98630dd/documentation-utils.asd
dref, ghcr.io/ocicl/mgl-pax-bootstrap@sha256:2f4da326e75413741907b8818f67dd3a7f8b783e2a8983a6f52f1e3373306be8, mgl-pax-20260112-2c726a5/dref/dref.asd
dref-test, ghcr.io/ocicl/mgl-pax-bootstrap@sha256:2f4da326e75413741907b8818f67dd3a7f8b783e2a8983a6f52f1e3373306be8, mgl-pax-20260112-2c726a5/dref/dref-test.asd
dref-test-package-inferred, ghcr.io/ocicl/mgl-pax-bootstrap@sha256:2f4da326e75413741907b8818f67dd3a7f8b783e2a8983a6f52f1e3373306be8, mgl-pax-20260112-2c726a5/dref/test/data/dref-test-package-inferred.asd
easy-routes, ghcr.io/ocicl/easy-routes@sha256:3dce450d2e8f85b3c2daccda49eb41fc22da658cfbd96fd0e02be4a1ea91adc4, easy-routes-20250924-b933078/easy-routes.asd
easy-routes_plus_djula, ghcr.io/ocicl/easy-routes@sha256:3dce450d2e8f85b3c2daccda49eb41fc22da658cfbd96fd0e02be4a1ea91adc4, easy-routes-20250924-b933078/easy-routes+djula.asd
easy-routes_plus_errors, ghcr.io/ocicl/easy-routes@sha256:3dce450d2e8f85b3c2daccda49eb41fc22da658cfbd96fd0e02be4a1ea91adc4, easy-routes-20250924-b933078/easy-routes+errors.asd
fast-http, ghcr.io/ocicl/fast-http@sha256:44e98b5239c0ded4921dc0b04ae272cff00583d93797a657543db782979eb50c, fast-http-20240503-2232fc9/fast-http.asd
fast-http-test, ghcr.io/ocicl/fast-http@sha256:44e98b5239c0ded4921dc0b04ae272cff00583d93797a657543db782979eb50c, fast-http-20240503-2232fc9/fast-http-test.asd
fast-io, ghcr.io/ocicl/fast-io@sha256:7ba35a0eddf00b3c25656b3c5a93e95460f6cb8f807afbc04ef4f50076d95aff, fast-io-20240503-a4c5ad6/fast-io.asd
fast-io-test, ghcr.io/ocicl/fast-io@sha256:7ba35a0eddf00b3c25656b3c5a93e95460f6cb8f807afbc04ef4f50076d95aff, fast-io-20240503-a4c5ad6/fast-io-test.asd
fiveam, ghcr.io/ocicl/fiveam@sha256:e283043dc8d31e8df2b214465cf5a06ea07bdbea10e600a40e17aaf9518226ac, fiveam-20240928-e43d6c8/fiveam.asd
flexi-streams, ghcr.io/ocicl/flexi-streams@sha256:95005b06a8a95c82780c75ead53810bcb273d07fcf5fe76b527f1856df9923f2, flexi-streams-20240503-4951d57/flexi-streams.asd
flexi-streams-test, ghcr.io/ocicl/flexi-streams@sha256:95005b06a8a95c82780c75ead53810bcb273d07fcf5fe76b527f1856df9923f2, flexi-streams-20240503-4951d57/flexi-streams-test.asd
float-features, ghcr.io/ocicl/float-features@sha256:64922efd92a08670cf8292ea56dfff29c577d36d8a7f7576cea0c031805c52d2, float-features-20250813-cd5dab0/float-features.asd
float-features-tests, ghcr.io/ocicl/float-features@sha256:64922efd92a08670cf8292ea56dfff29c577d36d8a7f7576cea0c031805c52d2, float-features-20250813-cd5dab0/float-features-tests.asd
fset, ghcr.io/ocicl/fset@sha256:06ed3b2b8e490fa5ddf01b23af08a5d0d5febf6633b982eab0f721f4cc3c8c15, fset-20251122-19eadf0/fset.asd
global-vars, ghcr.io/ocicl/global-vars@sha256:d197e871c9c9abc4bf31b1186f5fd28f0ca848ebe2e9dddf2d82ecee01dbdc65, global-vars-20240503-c749f32/global-vars.asd
global-vars-test, ghcr.io/ocicl/global-vars@sha256:d197e871c9c9abc4bf31b1186f5fd28f0ca848ebe2e9dddf2d82ecee01dbdc65, global-vars-20240503-c749f32/global-vars-test.asd
hunchentoot, ghcr.io/ocicl/hunchentoot@sha256:1dbccc1f9770d3d8917ef87d71720b4ec7f2d6bebf24a3072afca478b00b4427, hunchentoot-1.3.1/hunchentoot.asd
idna, ghcr.io/ocicl/idna@sha256:b1737dbce42904f75c724350c3e057770c7777f1f5596c6358875dfb2e542eac, idna-20240503-bf789e6/idna.asd
ieee-floats, ghcr.io/ocicl/ieee-floats@sha256:dcc1ef35f12ab6c611839a64338dc55a1c8e9b211274ffa8cbfd95d15b55c766, ieee-floats-20240503-9566ce8/ieee-floats.asd
introspect-environment, ghcr.io/ocicl/introspect-environment@sha256:4fa482690dee130996f1d0f89b470e0e84c92f22caea7649d3b83ce3e49c78ba, introspect-environment-20240503-69a50ac/introspect-environment.asd
introspect-environment-test, ghcr.io/ocicl/introspect-environment@sha256:4fa482690dee130996f1d0f89b470e0e84c92f22caea7649d3b83ce3e49c78ba, introspect-environment-20240503-69a50ac/introspect-environment-test.asd
iolib, ghcr.io/ocicl/iolib@sha256:953f1cb142e647da50562d51eca562afc2c5b941b89ae622332b53c7dbed7e1b, iolib-20240503-396cc43/iolib.asd
iolib.asdf, ghcr.io/ocicl/iolib@sha256:953f1cb142e647da50562d51eca562afc2c5b941b89ae622332b53c7dbed7e1b, iolib-20240503-396cc43/iolib.asdf.asd
iolib.base, ghcr.io/ocicl/iolib@sha256:953f1cb142e647da50562d51eca562afc2c5b941b89ae622332b53c7dbed7e1b, iolib-20240503-396cc43/iolib.base.asd
iolib.common-lisp, ghcr.io/ocicl/iolib@sha256:953f1cb142e647da50562d51eca562afc2c5b941b89ae622332b53c7dbed7e1b, iolib-20240503-396cc43/iolib.common-lisp.asd
iolib.conf, ghcr.io/ocicl/iolib@sha256:953f1cb142e647da50562d51eca562afc2c5b941b89ae622332b53c7dbed7e1b, iolib-20240503-396cc43/iolib.conf.asd
iolib.examples, ghcr.io/ocicl/iolib@sha256:953f1cb142e647da50562d51eca562afc2c5b941b89ae622332b53c7dbed7e1b, iolib-20240503-396cc43/iolib.examples.asd
iparse, ghcr.io/ocicl/iparse@sha256:e74aba0ed043d5638725f562802a39d22c00c87e6ba3a836eef4ec9de46fcaed, cl-iparse-20260108-8d830fa/iparse.asd
ironclad, ghcr.io/ocicl/ironclad@sha256:3117e5a26a3e94924074c3548c235a2b733609ed61a2731880ac9e31df55428b, ironclad-20240503-6da010f/ironclad.asd
ironclad-text, ghcr.io/ocicl/ironclad@sha256:3117e5a26a3e94924074c3548c235a2b733609ed61a2731880ac9e31df55428b, ironclad-20240503-6da010f/ironclad-text.asd
iterate, ghcr.io/ocicl/iterate@sha256:6950c55e3782d58cabbbb5753111a70d8cafab8348b7fd6f2143d9abeaab46fb, iterate-20250703-d27d7ff/iterate.asd
lisp-namespace, ghcr.io/ocicl/lisp-namespace@sha256:ae08006e0b267958c50160658c729c799c6e1c18d94eef83f2ce5cf6ab8bbd20, lisp-namespace-20240503-699fccb/lisp-namespace.asd
lisp-namespace.test, ghcr.io/ocicl/lisp-namespace@sha256:ae08006e0b267958c50160658c729c799c6e1c18d94eef83f2ce5cf6ab8bbd20, lisp-namespace-20240503-699fccb/lisp-namespace.test.asd
llog, ghcr.io/ocicl/llog@sha256:4e9dfa38b60b08d052f499167420d0535b4ada0cabbc1b7be9c3d199bfd2fa9d, cl-llog-20251015-035e013/llog.asd
local-time, ghcr.io/ocicl/local-time@sha256:15dc0e56d0ff55bd2a3c597e67be1c26bd0677c230a15ad5098c5207a9df5554, local-time-20250808-c28f38e/local-time.asd
md5, ghcr.io/ocicl/md5@sha256:7d8a8d7af07a2bcbca05ad839555730a0e021c697bf13cc02279669c7a9b038b, md5-2.0.5/md5.asd
mgl-pax, ghcr.io/ocicl/mgl-pax-bootstrap@sha256:2f4da326e75413741907b8818f67dd3a7f8b783e2a8983a6f52f1e3373306be8, mgl-pax-20260112-2c726a5/mgl-pax.asd
mgl-pax-bootstrap, ghcr.io/ocicl/mgl-pax-bootstrap@sha256:2f4da326e75413741907b8818f67dd3a7f8b783e2a8983a6f52f1e3373306be8, mgl-pax-20260112-2c726a5/mgl-pax-bootstrap.asd
mgl-pax-test, ghcr.io/ocicl/mgl-pax-bootstrap@sha256:2f4da326e75413741907b8818f67dd3a7f8b783e2a8983a6f52f1e3373306be8, mgl-pax-20260112-2c726a5/mgl-pax-test.asd
mgl-pax.asdf, ghcr.io/ocicl/mgl-pax-bootstrap@sha256:2f4da326e75413741907b8818f67dd3a7f8b783e2a8983a6f52f1e3373306be8, mgl-pax-20260112-2c726a5/mgl-pax.asdf.asd
misc-extensions, ghcr.io/ocicl/misc-extensions@sha256:bffd02c8ba19a28ecc3b9a89a3e2639d51a6f856850b7c2cdfecb779738f53af, misc-extensions-20251202-9d0fd15/misc-extensions.asd
mt19937, ghcr.io/ocicl/mt19937@sha256:49c0a25a535cd22212343c67e17635b8e05675ad9cc20aa75ce75e35e842bbe3, MT19937-20240503-78f0419/mt19937.asd
multilang-documentation-utils, ghcr.io/ocicl/documentation-utils@sha256:b2a1b3f3bcd1a738af85ae2b0168d408c177661eab6d6bbebb254e394d983f54, documentation-utils-20230511-98630dd/multilang-documentation-utils.asd
named-readtables, ghcr.io/ocicl/named-readtables@sha256:cdfd96fd6f3c20f796f511fd2a92d3006261fe32daf6d7d1af868be9c72f273c, named-readtables-20260112-aa6dab5/named-readtables.asd
named-readtables-test, ghcr.io/ocicl/named-readtables@sha256:cdfd96fd6f3c20f796f511fd2a92d3006261fe32daf6d7d1af868be9c72f273c, named-readtables-20260112-aa6dab5/named-readtables-test.asd
net.didierverna.asdf-flv, ghcr.io/ocicl/net.didierverna.asdf-flv@sha256:e5cd087d41cf24302a92d9bac426a925f8868b554be2414c0f012c961e3ddb8c, asdf-flv-20240503-3f1de41/net.didierverna.asdf-flv.asd
parse-declarations-1.0, ghcr.io/ocicl/parse-declarations-1.0@sha256:9305fa9624205b16fd1fc51cb1cc4282a18e50eee9ac75b66a14f6f2c5df9518, parse-declarations-20240503-549aebb/parse-declarations-1.0.asd
parse-number, ghcr.io/ocicl/parse-number@sha256:11f3f9f512871e1f96cea6b8260aa3610e34e8fd7272bbcdb210fd3c5dd8025c, parse-number-20240503-cb9e487/parse-number.asd
pem, ghcr.io/ocicl/pem@sha256:ae11c6466ee14841da74b07dda50587df33f07ba4685b0c32632fefb6a5ad0f5, pem-20250225-4aaf819/pem.asd
proc-parse, ghcr.io/ocicl/proc-parse@sha256:0880f9acb35eb9efbe1f77a981e36e84e8f29a22b14f680c7686eb381fa87bd6, proc-parse-20240503-3afe2b7/proc-parse.asd
proc-parse-test, ghcr.io/ocicl/proc-parse@sha256:0880f9acb35eb9efbe1f77a981e36e84e8f29a22b14f680c7686eb381fa87bd6, proc-parse-20240503-3afe2b7/proc-parse-test.asd
pure-tls, ghcr.io/ocicl/pure-tls@sha256:be66ddd876cc2c1902e585fa8703b496ff6b280f4d1856ab208783a3532c3204, pure-tls-20260118-d92ed12/pure-tls.asd
puri, ghcr.io/ocicl/puri@sha256:f6aa091a4d8eb5bdc91466daddc90dadd5b0fcf247370df237a223dc0588f29d, puri-4bbab9/puri.asd
quri, ghcr.io/ocicl/quri@sha256:e2559f91600e4895e115b42dde88fcaac3677f051335d73431888dcf7af99f95, quri-0.7.0/quri.asd
quri-test, ghcr.io/ocicl/quri@sha256:e2559f91600e4895e115b42dde88fcaac3677f051335d73431888dcf7af99f95, quri-0.7.0/quri-test.asd
rfc2388, ghcr.io/ocicl/rfc2388@sha256:4190f6eb36b3b2f53def6eff56b44e76edf4086ada2feb6d88bb671a40fc9f70, rfc2388-20240503-591bcf7/rfc2388.asd
routes, ghcr.io/ocicl/routes@sha256:e64fe3e85f8c0f19ada40f6cbda843f63ee73c705d5c243a2b8730b6308d664e, cl-routes-20240503-1b79e85/routes.asd
salza2, ghcr.io/ocicl/salza2@sha256:0f9d930524b469e1442372a6e12b26742d9e6a1144e6a455006943190d1ea71e, salza2-2.1/salza2.asd
serapeum, ghcr.io/ocicl/serapeum@sha256:b0d8c3875e11c24c1184a5d4b1654a5b44f27e3e7dc24e71852f536adcc4a121, serapeum-20260109-5e3c566/serapeum.asd
smart-buffer, ghcr.io/ocicl/smart-buffer@sha256:b8d194f5881c415fd7f0099b88dfd9e2158405c2966de15c716b155a364bf0f7, smart-buffer-20240503-619759d/smart-buffer.asd
smart-buffer-test, ghcr.io/ocicl/smart-buffer@sha256:b8d194f5881c415fd7f0099b88dfd9e2158405c2966de15c716b155a364bf0f7, smart-buffer-20240503-619759d/smart-buffer-test.asd
split-sequence, ghcr.io/ocicl/split-sequence@sha256:3a37662eedd99c42995587b9d443c4631f25c4c523091bcca31a27b880585b8e, split-sequence-2.0.1/split-sequence.asd
sqlite, ghcr.io/ocicl/sqlite@sha256:a7f80757e6ee13af06e2eeaeff1e079dba439d85ea5c7f68e262bccc40dcbd5c, cl-sqlite-0.2.1/sqlite.asd
sqlite-tests, ghcr.io/ocicl/sqlite@sha256:a7f80757e6ee13af06e2eeaeff1e079dba439d85ea5c7f68e262bccc40dcbd5c, cl-sqlite-0.2.1/sqlite-tests.asd
static-vectors, ghcr.io/ocicl/static-vectors@sha256:53e11e5689c3dbea6a3017760b55f052588003d774913539930ddc4330a69970, static-vectors-20240624-3d9d89b/static-vectors.asd
str, ghcr.io/ocicl/str@sha256:685078f7554071268bca9e933392904940d6751077718a4aafaf3d0424003f26, cl-str-20250905-69ef8b4/str.asd
str.test, ghcr.io/ocicl/str@sha256:685078f7554071268bca9e933392904940d6751077718a4aafaf3d0424003f26, cl-str-20250905-69ef8b4/str.test.asd
string-case, ghcr.io/ocicl/string-case@sha256:9db2d4160b76ce1ed9f754d12f679c665593a9a436177d36380a1a8a176ec16a, string-case-20240503-718c761/string-case.asd
swap-bytes, ghcr.io/ocicl/swap-bytes@sha256:06edc17deb0f27cdf6290689711ece670a8282dfd07b732a9adc541af1ce7ed6, swap-bytes-20240503-43ab141/swap-bytes.asd
trivia, ghcr.io/ocicl/trivia@sha256:51db74757bc31ceaf3a643914a8ffa87825799097dea4912650e6ac62bed5209, trivia-20240904-4383dd8/trivia.asd
trivia.balland2006, ghcr.io/ocicl/trivia@sha256:51db74757bc31ceaf3a643914a8ffa87825799097dea4912650e6ac62bed5209, trivia-20240904-4383dd8/trivia.balland2006.asd
trivia.benchmark, ghcr.io/ocicl/trivia@sha256:51db74757bc31ceaf3a643914a8ffa87825799097dea4912650e6ac62bed5209, trivia-20240904-4383dd8/trivia.benchmark.asd
trivia.cffi, ghcr.io/ocicl/trivia@sha256:51db74757bc31ceaf3a643914a8ffa87825799097dea4912650e6ac62bed5209, trivia-20240904-4383dd8/trivia.cffi.asd
trivia.fset, ghcr.io/ocicl/trivia@sha256:51db74757bc31ceaf3a643914a8ffa87825799097dea4912650e6ac62bed5209, trivia-20240904-4383dd8/trivia.fset.asd
trivia.level0, ghcr.io/ocicl/trivia@sha256:51db74757bc31ceaf3a643914a8ffa87825799097dea4912650e6ac62bed5209, trivia-20240904-4383dd8/trivia.level0.asd
trivia.level1, ghcr.io/ocicl/trivia@sha256:51db74757bc31ceaf3a643914a8ffa87825799097dea4912650e6ac62bed5209, trivia-20240904-4383dd8/trivia.level1.asd
trivia.level2, ghcr.io/ocicl/trivia@sha256:51db74757bc31ceaf3a643914a8ffa87825799097dea4912650e6ac62bed5209, trivia-20240904-4383dd8/trivia.level2.asd
trivia.ppcre, ghcr.io/ocicl/trivia@sha256:51db74757bc31ceaf3a643914a8ffa87825799097dea4912650e6ac62bed5209, trivia-20240904-4383dd8/trivia.ppcre.asd
trivia.quasiquote, ghcr.io/ocicl/trivia@sha256:51db74757bc31ceaf3a643914a8ffa87825799097dea4912650e6ac62bed5209, trivia-20240904-4383dd8/trivia.quasiquote.asd
trivia.test, ghcr.io/ocicl/trivia@sha256:51db74757bc31ceaf3a643914a8ffa87825799097dea4912650e6ac62bed5209, trivia-20240904-4383dd8/trivia.test.asd
trivia.trivial, ghcr.io/ocicl/trivia@sha256:51db74757bc31ceaf3a643914a8ffa87825799097dea4912650e6ac62bed5209, trivia-20240904-4383dd8/trivia.trivial.asd
trivial-backtrace, ghcr.io/ocicl/trivial-backtrace@sha256:89a3138695bb767c50001402fad60dacfc1e867e4e3d3579cc6f636d3e29a51c, trivial-backtrace-20240503-7f90b4a/trivial-backtrace.asd
trivial-backtrace-test, ghcr.io/ocicl/trivial-backtrace@sha256:89a3138695bb767c50001402fad60dacfc1e867e4e3d3579cc6f636d3e29a51c, trivial-backtrace-20240503-7f90b4a/trivial-backtrace-test.asd
trivial-channels, ghcr.io/ocicl/trivial-channels@sha256:9b190fcc1853729090ff0b27d24c916dcb166bbb5bad6456340f9b05f3689b3d, trivial-channels-20240503-e237011/trivial-channels.asd
trivial-cltl2, ghcr.io/ocicl/trivial-cltl2@sha256:69470b4f6469314799074b9d944050dc4bcb67d5cbb2ba32c7a8899bb492f04e, trivial-cltl2-20230809-2ada872/trivial-cltl2.asd
trivial-features, ghcr.io/ocicl/trivial-features@sha256:e278e24d39060fc7d3715531b16ddd9ab7f93f22ade53e436c0b86dbae3aa065, trivial-features-1.0/trivial-features.asd
trivial-features-tests, ghcr.io/ocicl/trivial-features@sha256:e278e24d39060fc7d3715531b16ddd9ab7f93f22ade53e436c0b86dbae3aa065, trivial-features-1.0/trivial-features-tests.asd
trivial-file-size, ghcr.io/ocicl/trivial-file-size@sha256:dfe138877e024d36e51fa14b1bcabf11e99e5745baa42ef4f627438485030f5c, trivial-file-size-20250427-60fd1bf/trivial-file-size.asd
trivial-garbage, ghcr.io/ocicl/trivial-garbage@sha256:a85dcf4110ad60ae9f6c70970acceb2bf12402ce5326891643d35506059afb1d, trivial-garbage-20240503-3474f64/trivial-garbage.asd
trivial-gray-streams, ghcr.io/ocicl/trivial-gray-streams@sha256:d0cc9fb73876100ee60647524f98b5b22566fa1c3a985d79548b0d2b228f8b51, trivial-gray-streams-20240503-a7ead68/trivial-gray-streams.asd
trivial-gray-streams-test, ghcr.io/ocicl/trivial-gray-streams@sha256:d0cc9fb73876100ee60647524f98b5b22566fa1c3a985d79548b0d2b228f8b51, trivial-gray-streams-20240503-a7ead68/trivial-gray-streams-test.asd
trivial-indent, ghcr.io/ocicl/trivial-indent@sha256:2969bd1dc3cefd22fd1b0c5aeec664d4217a2593fe03bb043d8b6958aabc8b2a, trivial-indent-20250813-87b35ff/trivial-indent.asd
trivial-macroexpand-all, ghcr.io/ocicl/trivial-macroexpand-all@sha256:b23da4c2e508efe2396ec8f721cb22b8a4c076b2f0aea014a09f69dfd716d7f8, trivial-macroexpand-all-20250518-b6e4efa/trivial-macroexpand-all.asd
trivial-mimes, ghcr.io/ocicl/trivial-mimes@sha256:11c8aa199a3dea490cf8360bfa0c528e0e0e3e952b7b7d330208659662af93ed, trivial-mimes-20250813-98641f2/trivial-mimes.asd
trivial-timeout, ghcr.io/ocicl/trivial-timeout@sha256:18f5f87e1fa3a35e5608cd424d22c2b24f581f810d9f9f8c6229b849c2f239ad, trivial-timeout-20240503-e70d9b4/trivial-timeout.asd
trivial-timeout-test, ghcr.io/ocicl/trivial-timeout@sha256:18f5f87e1fa3a35e5608cd424d22c2b24f581f810d9f9f8c6229b849c2f239ad, trivial-timeout-20240503-e70d9b4/trivial-timeout-test.asd
trivial-utf-8, ghcr.io/ocicl/trivial-utf-8@sha256:014e7fa0edd7f351c8b38c3247e0cdda438235bb8a086bb0f2bac08f78ef400d, trivial-utf-8-20240503-ba9b4ff/trivial-utf-8.asd
tuition, ghcr.io/ocicl/tuition@sha256:e6e352a0dd0e119567cf7755d731b3cb6f02927824cecb7962a2e6dda9622044, cl-tuition-20260124-6e2e980/tuition.asd
type-i, ghcr.io/ocicl/type-i@sha256:de5c3e7f7b72409c5ec49885eea8c6fe2e02def2846cf97f70c1c21f21a1567c, type-i-20240503-4407a68/type-i.asd
type-i.test, ghcr.io/ocicl/type-i@sha256:de5c3e7f7b72409c5ec49885eea8c6fe2e02def2846cf97f70c1c21f21a1567c, type-i-20240503-4407a68/type-i.test.asd
uffi, ghcr.io/ocicl/cffi@sha256:d415b2cde8431fb3e7d5fc358fccb4aaa0a028dd8819e14608b4d245d0bff9e4, cffi-20250822-dad3520/uffi-compat/uffi.asd
usocket, ghcr.io/ocicl/usocket@sha256:282856b819b22a4319ba30a15605ee934aa23292a471fd29ea4d3f2074b3f16d, usocket-0.8.8/usocket.asd
usocket-server, ghcr.io/ocicl/usocket@sha256:282856b819b22a4319ba30a15605ee934aa23292a471fd29ea4d3f2074b3f16d, usocket-0.8.8/usocket-server.asd
usocket-test, ghcr.io/ocicl/usocket@sha256:282856b819b22a4319ba30a15605ee934aa23292a471fd29ea4d3f2074b3f16d, usocket-0.8.8/usocket-test.asd
version-string, ghcr.io/ocicl/version-string@sha256:eb8f45786af7fd6f792aecada1f905870f1d79abfaee0ceb774a94824ad9b14f, cl-version-string-20251228-668f2fa/version-string.asd
winhttp, ghcr.io/ocicl/winhttp@sha256:f4955086d194e6ae1665894da2149dac0ad850d95369f85fdda4d95cd06f3641, winhttp-20240503-8611ba5/winhttp.asd
with-user-abort, ghcr.io/ocicl/with-user-abort@sha256:c19560034f9909a7afb4110b5efd939a9f1e829d9ef9887797b98679f290c480, with-user-abort-20240503-a3db02e/with-user-abort.asd
xsubseq, ghcr.io/ocicl/xsubseq@sha256:7605d14f7cc7fd2f63190ad81fe7bd65daef105d6728ee6bb59baef49da2aa51, xsubseq-20240503-5ce430b/xsubseq.asd
xsubseq-test, ghcr.io/ocicl/xsubseq@sha256:7605d14f7cc7fd2f63190ad81fe7bd65daef105d6728ee6bb59baef49da2aa51, xsubseq-20240503-5ce430b/xsubseq-test.asd
zpng, ghcr.io/ocicl/zpng@sha256:0796acd47f4c7df74e4525060f77ce906a403030481baf8a46bb38621fb000da, zpng-1.2.2/zpng.asd
